1,human_collision_with_object
2,human_collision_with_object
3,human_collision_with_object
4,human_collision_with_object
5,human_collision_with_object
6,human_collision_with_object
7,human_collision_with_object
8,human_collision_with_object
9,human_collision_with_object
10,human_collision_with_object
11,human_collision_with_object
12,human_collision_with_object
13,human_collision_with_object
14,human_collision_with_object
15,human_collision_with_object
16,human_collision_with_object
17,human_collision_with_object
18,human_collision_with_object
19,tool_collision
20,tool_collision
21,tool_collision
22,tool_collision
23,tool_collision
24,tool_collision
25,tool_collision
26,tool_collision
27,tool_collision
28,tool_collision
29,tool_collision
30,tool_collision
31,tool_collision
32,tool_collision
33,tool_collision
34,tool_collision
35,tool_collision
36,false_positive
37,false_positive
38,false_positive
39,false_positive
40,false_positive
41,false_positive
42,human_collision
43,human_collision
44,human_collision
45,human_collision
46,human_collision
47,human_collision
48,human_collision
49,human_collision
50,human_collision
51,human_collision
52,human_collision
53,human_collision
54,human_collision
55,human_collision
56,human_collision
57,human_collision
58,human_collision
59,human_collision
60,no_object
61,no_object
62,no_object
63,no_object
64,no_object
65,no_object
66,no_object
67,no_object
68,no_object
69,no_object
70,no_object
71,no_object
72,no_object
73,no_object
74,object_slip
75,object_slip
76,object_slip
77,object_slip
78,object_slip
79,object_slip
80,object_slip
81,object_slip
82,object_slip
83,object_slip
84,object_slip
85,object_slip
86,object_slip
87,object_slip
88,object_slip
89,object_slip
90,object_slip
91,object_slip
92,wall_collision
93,wall_collision
94,wall_collision
95,wall_collision
96,wall_collision
97,wall_collision
98,wall_collision
99,wall_collision
100,wall_collision
101,wall_collision
102,wall_collision
103,wall_collision
104,wall_collision
105,wall_collision
106,wall_collision
107,wall_collision
108,wall_collision
