0,false_positive
1,false_positive
2,human_collision
3,human_collision
4,human_collision
5,human_collision
6,human_collision
7,human_collision_with_object
8,human_collision_with_object
9,human_collision_with_object
10,human_collision_with_object
11,human_collision_with_object
12,human_collision_with_object
13,human_collision_with_object
14,no_object
15,no_object
16,no_object
17,no_object
18,object_slip
19,object_slip
20,object_slip
21,object_slip
22,object_slip
23,object_slip
24,tool_collision
25,tool_collision
26,tool_collision
27,tool_collision
28,tool_collision
29,tool_collision
30,tool_collision
31,wall_collision
32,wall_collision
33,wall_collision
34,wall_collision
35,wall_collision
36,false_positive
37,false_positive
38,false_positive
39,human_collision
40,human_collision
41,human_collision
42,human_collision
43,human_collision
44,human_collision
45,human_collision_with_object
46,human_collision_with_object
47,human_collision_with_object
48,human_collision_with_object
49,human_collision_with_object
50,human_collision_with_object
51,human_collision_with_object
52,no_object
53,no_object
54,no_object
55,no_object
56,no_object
57,object_slip
58,object_slip
59,object_slip
60,object_slip
61,object_slip
62,object_slip
63,object_slip
64,object_slip
65,tool_collision
66,tool_collision
67,tool_collision
68,tool_collision
69,tool_collision
70,tool_collision
71,tool_collision
72,wall_collision
73,wall_collision
74,wall_collision
75,wall_collision
76,wall_collision
77,false_positive
78,false_positive
79,false_positive
80,false_positive
81,human_collision
82,human_collision
83,human_collision
84,human_collision
85,human_collision
86,human_collision
87,human_collision_with_object
88,human_collision_with_object
89,human_collision_with_object
90,human_collision_with_object
91,human_collision_with_object
92,human_collision_with_object
93,human_collision_with_object
94,human_collision_with_object
95,human_collision_with_object
96,no_object
97,no_object
98,no_object
99,no_object
100,no_object
101,no_object
102,object_slip
103,object_slip
104,object_slip
105,object_slip
106,object_slip
107,object_slip
108,object_slip
109,tool_collision
110,tool_collision
111,tool_collision
112,tool_collision
113,tool_collision
114,tool_collision
115,tool_collision
116,wall_collision
117,wall_collision
118,wall_collision
119,wall_collision
120,wall_collision
121,wall_collision
122,wall_collision
123,wall_collision
124,false_positive
125,false_positive
126,human_collision
127,human_collision
128,human_collision
129,human_collision
130,human_collision
131,human_collision
132,human_collision
133,human_collision
134,human_collision
135,human_collision
136,human_collision_with_object
137,human_collision_with_object
138,human_collision_with_object
139,human_collision_with_object
140,human_collision_with_object
141,human_collision_with_object
142,human_collision_with_object
143,human_collision_with_object
144,human_collision_with_object
145,human_collision_with_object
146,human_collision_with_object
147,human_collision_with_object
148,no_object
149,no_object
150,no_object
151,no_object
152,no_object
153,no_object
154,no_object
155,object_slip
156,object_slip
157,object_slip
158,object_slip
159,object_slip
160,object_slip
161,object_slip
162,object_slip
163,object_slip
164,tool_collision
165,tool_collision
166,tool_collision
167,tool_collision
168,tool_collision
169,tool_collision
170,tool_collision
171,tool_collision
172,tool_collision
173,tool_collision
174,tool_collision
175,tool_collision
176,tool_collision
177,wall_collision
178,wall_collision
179,wall_collision
180,wall_collision
181,wall_collision
182,wall_collision
183,wall_collision
184,wall_collision
185,false_positive
186,false_positive
187,false_positive
188,false_positive
189,human_collision
190,human_collision
191,human_collision
192,human_collision
193,human_collision
194,human_collision
195,human_collision
196,human_collision
197,human_collision
198,human_collision
199,human_collision
200,human_collision
201,human_collision_with_object
202,human_collision_with_object
203,human_collision_with_object
204,human_collision_with_object
205,human_collision_with_object
206,human_collision_with_object
207,human_collision_with_object
208,human_collision_with_object
209,human_collision_with_object
210,human_collision_with_object
211,human_collision_with_object
212,human_collision_with_object
213,human_collision_with_object
214,human_collision_with_object
215,human_collision_with_object
216,no_object
217,no_object
218,no_object
219,no_object
220,no_object
221,no_object
222,no_object
223,no_object
224,no_object
225,no_object
226,object_slip
227,object_slip
228,object_slip
229,object_slip
230,object_slip
231,object_slip
232,object_slip
233,object_slip
234,object_slip
235,object_slip
236,object_slip
237,object_slip
238,object_slip
239,tool_collision
240,tool_collision
241,tool_collision
242,tool_collision
243,tool_collision
244,tool_collision
245,tool_collision
246,tool_collision
247,tool_collision
248,tool_collision
249,tool_collision
250,tool_collision
251,tool_collision
252,tool_collision
253,wall_collision
254,wall_collision
255,wall_collision
256,wall_collision
257,wall_collision
258,wall_collision
259,wall_collision
260,wall_collision
261,wall_collision
262,wall_collision
263,wall_collision
264,false_positive
265,false_positive
266,false_positive
267,false_positive
268,false_positive
269,human_collision
270,human_collision
271,human_collision
272,human_collision
273,human_collision
274,human_collision
275,human_collision
276,human_collision
277,human_collision
278,human_collision
279,human_collision
280,human_collision
281,human_collision
282,human_collision
283,human_collision
284,human_collision_with_object
285,human_collision_with_object
286,human_collision_with_object
287,human_collision_with_object
288,human_collision_with_object
289,human_collision_with_object
290,human_collision_with_object
291,human_collision_with_object
292,human_collision_with_object
293,human_collision_with_object
294,human_collision_with_object
295,human_collision_with_object
296,human_collision_with_object
297,human_collision_with_object
298,human_collision_with_object
299,human_collision_with_object
300,human_collision_with_object
301,no_object
302,no_object
303,no_object
304,no_object
305,no_object
306,no_object
307,no_object
308,no_object
309,no_object
310,no_object
311,no_object
312,no_object
313,object_slip
314,object_slip
315,object_slip
316,object_slip
317,object_slip
318,object_slip
319,object_slip
320,object_slip
321,object_slip
322,object_slip
323,object_slip
324,tool_collision
325,tool_collision
326,tool_collision
327,tool_collision
328,tool_collision
329,tool_collision
330,tool_collision
331,tool_collision
332,tool_collision
333,tool_collision
334,tool_collision
335,tool_collision
336,tool_collision
337,tool_collision
338,tool_collision
339,tool_collision
340,tool_collision
341,tool_collision
342,tool_collision
343,tool_collision
344,wall_collision
345,wall_collision
346,wall_collision
347,wall_collision
348,wall_collision
349,wall_collision
350,wall_collision
351,wall_collision
352,wall_collision
353,wall_collision
354,wall_collision
355,wall_collision
356,wall_collision
357,wall_collision
358,wall_collision
359,wall_collision
360,wall_collision
361,wall_collision
362,false_positive
363,false_positive
364,false_positive
365,false_positive
366,false_positive
367,false_positive
368,false_positive
369,human_collision
370,human_collision
371,human_collision
372,human_collision
373,human_collision
374,human_collision
375,human_collision
376,human_collision
377,human_collision
378,human_collision
379,human_collision
380,human_collision
381,human_collision
382,human_collision
383,human_collision
384,human_collision
385,human_collision
386,human_collision_with_object
387,human_collision_with_object
388,human_collision_with_object
389,human_collision_with_object
390,human_collision_with_object
391,human_collision_with_object
392,human_collision_with_object
393,human_collision_with_object
394,human_collision_with_object
395,human_collision_with_object
396,human_collision_with_object
397,human_collision_with_object
398,human_collision_with_object
399,human_collision_with_object
400,human_collision_with_object
401,human_collision_with_object
402,human_collision_with_object
403,human_collision_with_object
404,human_collision_with_object
405,no_object
406,no_object
407,no_object
408,no_object
409,no_object
410,no_object
411,no_object
412,no_object
413,no_object
414,no_object
415,no_object
416,no_object
417,no_object
418,no_object
419,no_object
420,no_object
421,no_object
422,object_slip
423,object_slip
424,object_slip
425,object_slip
426,object_slip
427,object_slip
428,object_slip
429,object_slip
430,object_slip
431,object_slip
432,object_slip
433,object_slip
434,object_slip
435,object_slip
436,object_slip
437,object_slip
438,object_slip
439,object_slip
440,tool_collision
441,tool_collision
442,tool_collision
443,tool_collision
444,tool_collision
445,tool_collision
446,tool_collision
447,tool_collision
448,tool_collision
449,tool_collision
450,tool_collision
451,tool_collision
452,tool_collision
453,tool_collision
454,tool_collision
455,tool_collision
456,tool_collision
457,tool_collision
458,tool_collision
459,tool_collision
460,tool_collision
461,wall_collision
462,wall_collision
463,wall_collision
464,wall_collision
465,wall_collision
466,wall_collision
467,wall_collision
468,wall_collision
469,wall_collision
470,wall_collision
471,wall_collision
472,wall_collision
473,wall_collision
474,wall_collision
475,wall_collision
476,wall_collision
477,wall_collision
478,wall_collision
479,wall_collision
480,false_positive
481,false_positive
482,false_positive
483,false_positive
484,false_positive
485,false_positive
486,false_positive
487,human_collision
488,human_collision
489,human_collision
490,human_collision
491,human_collision
492,human_collision
493,human_collision
494,human_collision
495,human_collision
496,human_collision
497,human_collision
498,human_collision
499,human_collision
500,human_collision
501,human_collision
502,human_collision
503,human_collision
504,human_collision
505,human_collision
506,human_collision
507,human_collision
508,human_collision
509,human_collision_with_object
510,human_collision_with_object
511,human_collision_with_object
512,human_collision_with_object
513,human_collision_with_object
514,human_collision_with_object
515,human_collision_with_object
516,human_collision_with_object
517,human_collision_with_object
518,human_collision_with_object
519,human_collision_with_object
520,human_collision_with_object
521,human_collision_with_object
522,human_collision_with_object
523,human_collision_with_object
524,human_collision_with_object
525,human_collision_with_object
526,human_collision_with_object
527,human_collision_with_object
528,human_collision_with_object
529,human_collision_with_object
530,human_collision_with_object
531,human_collision_with_object
532,human_collision_with_object
533,no_object
534,no_object
535,no_object
536,no_object
537,no_object
538,no_object
539,no_object
540,no_object
541,no_object
542,no_object
543,no_object
544,no_object
545,no_object
546,no_object
547,no_object
548,no_object
549,object_slip
550,object_slip
551,object_slip
552,object_slip
553,object_slip
554,object_slip
555,object_slip
556,object_slip
557,object_slip
558,object_slip
559,object_slip
560,object_slip
561,object_slip
562,object_slip
563,object_slip
564,object_slip
565,object_slip
566,object_slip
567,object_slip
568,object_slip
569,object_slip
570,object_slip
571,object_slip
572,object_slip
573,object_slip
574,object_slip
575,tool_collision
576,tool_collision
577,tool_collision
578,tool_collision
579,tool_collision
580,tool_collision
581,tool_collision
582,tool_collision
583,tool_collision
584,tool_collision
585,tool_collision
586,tool_collision
587,tool_collision
588,tool_collision
589,tool_collision
590,tool_collision
591,tool_collision
592,tool_collision
593,tool_collision
594,tool_collision
595,tool_collision
596,tool_collision
597,tool_collision
598,tool_collision
599,tool_collision
600,tool_collision
601,tool_collision
602,tool_collision
603,wall_collision
604,wall_collision
605,wall_collision
606,wall_collision
607,wall_collision
608,wall_collision
609,wall_collision
610,wall_collision
611,wall_collision
612,wall_collision
613,wall_collision
614,wall_collision
615,wall_collision
616,wall_collision
617,wall_collision
618,wall_collision
619,wall_collision
620,wall_collision
621,wall_collision
622,wall_collision
623,wall_collision
624,false_positive
625,false_positive
626,false_positive
627,false_positive
628,false_positive
629,false_positive
630,false_positive
631,false_positive
632,human_collision
633,human_collision
634,human_collision
635,human_collision
636,human_collision
637,human_collision
638,human_collision
639,human_collision
640,human_collision
641,human_collision
642,human_collision
643,human_collision
644,human_collision
645,human_collision
646,human_collision
647,human_collision
648,human_collision
649,human_collision
650,human_collision
651,human_collision
652,human_collision
653,human_collision
654,human_collision
655,human_collision
656,human_collision
657,human_collision
658,human_collision
659,human_collision
660,human_collision_with_object
661,human_collision_with_object
662,human_collision_with_object
663,human_collision_with_object
664,human_collision_with_object
665,human_collision_with_object
666,human_collision_with_object
667,human_collision_with_object
668,human_collision_with_object
669,human_collision_with_object
670,human_collision_with_object
671,human_collision_with_object
672,human_collision_with_object
673,human_collision_with_object
674,human_collision_with_object
675,human_collision_with_object
676,human_collision_with_object
677,human_collision_with_object
678,human_collision_with_object
679,human_collision_with_object
680,human_collision_with_object
681,human_collision_with_object
682,human_collision_with_object
683,human_collision_with_object
684,human_collision_with_object
685,human_collision_with_object
686,human_collision_with_object
687,human_collision_with_object
688,human_collision_with_object
689,human_collision_with_object
690,human_collision_with_object
691,human_collision_with_object
692,human_collision_with_object
693,human_collision_with_object
694,human_collision_with_object
695,no_object
696,no_object
697,no_object
698,no_object
699,no_object
700,no_object
701,no_object
702,no_object
703,no_object
704,no_object
705,no_object
706,no_object
707,no_object
708,no_object
709,no_object
710,no_object
711,no_object
712,no_object
713,no_object
714,no_object
715,no_object
716,no_object
717,object_slip
718,object_slip
719,object_slip
720,object_slip
721,object_slip
722,object_slip
723,object_slip
724,object_slip
725,object_slip
726,object_slip
727,object_slip
728,object_slip
729,object_slip
730,object_slip
731,object_slip
732,object_slip
733,object_slip
734,object_slip
735,object_slip
736,object_slip
737,object_slip
738,object_slip
739,object_slip
740,object_slip
741,object_slip
742,object_slip
743,object_slip
744,object_slip
745,object_slip
746,object_slip
747,object_slip
748,tool_collision
749,tool_collision
750,tool_collision
751,tool_collision
752,tool_collision
753,tool_collision
754,tool_collision
755,tool_collision
756,tool_collision
757,tool_collision
758,tool_collision
759,tool_collision
760,tool_collision
761,tool_collision
762,tool_collision
763,tool_collision
764,tool_collision
765,tool_collision
766,tool_collision
767,tool_collision
768,tool_collision
769,tool_collision
770,tool_collision
771,tool_collision
772,tool_collision
773,tool_collision
774,tool_collision
775,tool_collision
776,tool_collision
777,tool_collision
778,tool_collision
779,tool_collision
780,tool_collision
781,tool_collision
782,tool_collision
783,wall_collision
784,wall_collision
785,wall_collision
786,wall_collision
787,wall_collision
788,wall_collision
789,wall_collision
790,wall_collision
791,wall_collision
792,wall_collision
793,wall_collision
794,wall_collision
795,wall_collision
796,wall_collision
797,wall_collision
798,wall_collision
799,wall_collision
800,wall_collision
801,wall_collision
802,wall_collision
803,wall_collision
804,wall_collision
805,wall_collision
806,wall_collision
807,wall_collision
808,wall_collision
809,wall_collision
810,false_positive
811,false_positive
812,false_positive
813,false_positive
814,false_positive
815,false_positive
816,false_positive
817,false_positive
818,false_positive
819,false_positive
820,false_positive
821,false_positive
822,false_positive
823,false_positive
824,human_collision
825,human_collision
826,human_collision
827,human_collision
828,human_collision
829,human_collision
830,human_collision
831,human_collision
832,human_collision
833,human_collision
834,human_collision
835,human_collision
836,human_collision
837,human_collision
838,human_collision
839,human_collision
840,human_collision
841,human_collision
842,human_collision
843,human_collision
844,human_collision
845,human_collision
846,human_collision
847,human_collision
848,human_collision
849,human_collision
850,human_collision
851,human_collision
852,human_collision
853,human_collision
854,human_collision
855,human_collision
856,human_collision
857,human_collision
858,human_collision
859,human_collision
860,human_collision
861,human_collision
862,human_collision
863,human_collision
864,human_collision
865,human_collision_with_object
866,human_collision_with_object
867,human_collision_with_object
868,human_collision_with_object
869,human_collision_with_object
870,human_collision_with_object
871,human_collision_with_object
872,human_collision_with_object
873,human_collision_with_object
874,human_collision_with_object
875,human_collision_with_object
876,human_collision_with_object
877,human_collision_with_object
878,human_collision_with_object
879,human_collision_with_object
880,human_collision_with_object
881,human_collision_with_object
882,human_collision_with_object
883,human_collision_with_object
884,human_collision_with_object
885,human_collision_with_object
886,human_collision_with_object
887,human_collision_with_object
888,human_collision_with_object
889,human_collision_with_object
890,human_collision_with_object
891,human_collision_with_object
892,human_collision_with_object
893,human_collision_with_object
894,human_collision_with_object
895,human_collision_with_object
896,human_collision_with_object
897,human_collision_with_object
898,human_collision_with_object
899,human_collision_with_object
900,human_collision_with_object
901,human_collision_with_object
902,human_collision_with_object
903,human_collision_with_object
904,human_collision_with_object
905,human_collision_with_object
906,no_object
907,no_object
908,no_object
909,no_object
910,no_object
911,no_object
912,no_object
913,no_object
914,no_object
915,no_object
916,no_object
917,no_object
918,no_object
919,no_object
920,no_object
921,no_object
922,no_object
923,no_object
924,no_object
925,no_object
926,no_object
927,no_object
928,no_object
929,no_object
930,no_object
931,no_object
932,no_object
933,no_object
934,no_object
935,no_object
936,no_object
937,object_slip
938,object_slip
939,object_slip
940,object_slip
941,object_slip
942,object_slip
943,object_slip
944,object_slip
945,object_slip
946,object_slip
947,object_slip
948,object_slip
949,object_slip
950,object_slip
951,object_slip
952,object_slip
953,object_slip
954,object_slip
955,object_slip
956,object_slip
957,object_slip
958,object_slip
959,object_slip
960,object_slip
961,object_slip
962,object_slip
963,object_slip
964,object_slip
965,object_slip
966,object_slip
967,object_slip
968,object_slip
969,object_slip
970,object_slip
971,object_slip
972,object_slip
973,object_slip
974,object_slip
975,object_slip
976,tool_collision
977,tool_collision
978,tool_collision
979,tool_collision
980,tool_collision
981,tool_collision
982,tool_collision
983,tool_collision
984,tool_collision
985,tool_collision
986,tool_collision
987,tool_collision
988,tool_collision
989,tool_collision
990,tool_collision
991,tool_collision
992,tool_collision
993,tool_collision
994,tool_collision
995,tool_collision
996,tool_collision
997,tool_collision
998,tool_collision
999,tool_collision
1000,tool_collision
1001,tool_collision
1002,tool_collision
1003,tool_collision
1004,tool_collision
1005,tool_collision
1006,tool_collision
1007,tool_collision
1008,tool_collision
1009,tool_collision
1010,tool_collision
1011,tool_collision
1012,tool_collision
1013,tool_collision
1014,wall_collision
1015,wall_collision
1016,wall_collision
1017,wall_collision
1018,wall_collision
1019,wall_collision
1020,wall_collision
1021,wall_collision
1022,wall_collision
1023,wall_collision
1024,wall_collision
1025,wall_collision
1026,wall_collision
1027,wall_collision
1028,wall_collision
1029,wall_collision
1030,wall_collision
1031,wall_collision
1032,wall_collision
1033,wall_collision
1034,wall_collision
1035,wall_collision
1036,wall_collision
1037,wall_collision
1038,wall_collision
1039,wall_collision
1040,wall_collision
1041,wall_collision
1042,wall_collision
1043,wall_collision
1044,wall_collision
1045,wall_collision
1046,wall_collision
1047,wall_collision
1048,wall_collision
1049,wall_collision
1050,wall_collision
1051,wall_collision
1052,wall_collision
1053,wall_collision
